player_id,name,season,salary,team,position,draft_pick,draft_year
abrinal01,Alex Abrines,2017-18,5725000,Oklahoma City Thunder,Shooting Guard,32nd overall,2013
acyqu01,Quincy Acy,2017-18,1709538,Brooklyn Nets,Power Forward and Small Forward,37th overall,2012
adamsst01,Steven Adams,2017-18,22471910,Oklahoma City Thunder,Center,12th overall,2013
adebaba01,Bam Adebayo,2017-18,2490360,Miami Heat,Center,14th overall,2017
afflaar01,Arron Afflalo,2017-18,1500000,Sacramento Kings,Shooting Guard and Small Forward,27th overall,2007
afflaar01,Arron Afflalo,2017-18,1471382,Orlando Magic,Shooting Guard and Small Forward,27th overall,2007
ajincal01,Alexis Ajinca,2017-18,4961798,New Orleans Pelicans,Power Forward and Center,20th overall,2008
aldrico01,Cole Aldrich,2017-18,7300000,Minnesota Timberwolves,Center,11th overall,2010
aldrila01,LaMarcus Aldridge,2017-18,21461010,San Antonio Spurs,Power Forward and Center,2nd overall,2006
allenja01,Jarrett Allen,2017-18,1713720,Brooklyn Nets,Center,22nd overall,2017
allento01,Tony Allen,2017-18,1471382,Chicago Bulls,Shooting Guard and Small Forward and Point Guard,25th overall,2004
aminual01,Al-Farouq Aminu,2017-18,7319035,Portland Trail Blazers,Power Forward and Small Forward,8th overall,2010
anderju01,Justin Anderson,2017-18,1579440,Philadelphia 76ers,Small Forward,21st overall,2015
anderky01,Kyle Anderson,2017-18,2151704,San Antonio Spurs,Small Forward,30th overall,2014
anderry01,Ryan Anderson,2017-18,19578455,Houston Rockets,Power Forward,21st overall,2008
anigbik01,Ike Anigbogu,2017-18,950000,Indiana Pacers,Center,47th overall,2017
antetgi01,Giannis Antetokounmpo,2017-18,22471910,Milwaukee Bucks,Point Guard and Power Forward and Small Forward and Shooting Guard,15th overall,2013
anthoca01,Carmelo Anthony,2017-18,26243760,Oklahoma City Thunder,Small Forward and Power Forward,3rd overall,2003
anunoog01,OG Anunoby,2017-18,1645200,Toronto Raptors,Small Forward,23rd overall,2017
arizatr01,Trevor Ariza,2017-18,7420912,Houston Rockets,Small Forward and Shooting Guard,43rd overall,2004
arthuda01,Darrell Arthur,2017-18,7464912,Denver Nuggets,Small Forward and Power Forward,27th overall,2008
asikom01,Omer Asik,2017-18,10595505,Chicago Bulls,Center,36th overall,2008
augusdj01,D.J. Augustin,2017-18,7250000,Orlando Magic,Point Guard,9th overall,2008
babbilu01,Luke Babbitt,2017-18,1974159,Miami Heat,Small Forward and Power Forward,16th overall,2010
bacondw01,Dwayne Bacon,2017-18,815615,Charlotte Hornets,Shooting Guard,40th overall,2017
bakerro01,Ron Baker,2017-18,4328000,New York Knicks,Shooting Guard,,
balllo01,Lonzo Ball,2017-18,6286560,Los Angeles Lakers,Point Guard,2nd overall,2017
barbole01,Leandro Barbosa,2017-18,500000,Phoenix Suns,Point Guard and Shooting Guard,28th overall,2003
bareajo01,J.J. Barea,2017-18,3903900,Dallas Mavericks,Point Guard and Shooting Guard,,
barneha02,Harrison Barnes,2017-18,23112004,Dallas Mavericks,Power Forward and Small Forward,7th overall,2012
barnema02,Matt Barnes,2017-18,2133542,Sacramento Kings,Small Forward and Power Forward,46th overall,2002
bartowi01,Will Barton,2017-18,3533333,Denver Nuggets,Shooting Guard,40th overall,2012
batumni01,Nicolas Batum,2017-18,22434783,Charlotte Hornets,Small Forward and Shooting Guard,25th overall,2008
bayleje01,Jerryd Bayless,2017-18,9000000,Philadelphia 76ers,Point Guard and Shooting Guard,11th overall,2008
baynear01,Aron Baynes,2017-18,4328000,Boston Celtics,Center,,
bazemke01,Kent Bazemore,2017-18,16910113,Atlanta Hawks,Small Forward and Shooting Guard,,
bealbr01,Bradley Beal,2017-18,23775506,Washington Wizards,Shooting Guard,3rd overall,2012
beaslma01,Malik Beasley,2017-18,1700640,Denver Nuggets,Shooting Guard,19th overall,2016
beaslmi01,Michael Beasley,2017-18,1471382,New York Knicks,Power Forward and Small Forward,2nd overall,2008
belinma01,Marco Belinelli,2017-18,6306060,Atlanta Hawks,Shooting Guard and Small Forward,18th overall,2007
belinma01,Marco Belinelli,2017-18,776217,Philadelphia 76ers,Shooting Guard and Small Forward,18th overall,2007
belljo01,Jordan Bell,2017-18,815615,Golden State Warriors,Center,38th overall,2017
bembrde01,DeAndre' Bembry,2017-18,1567200,Atlanta Hawks,Shooting Guard and Small Forward,21st overall,2016
bendedr01,Dragan Bender,2017-18,4468800,Phoenix Suns,Power Forward,4th overall,2016
bertada01,Davis Bertans,2017-18,1312611,San Antonio Spurs,Power Forward,42nd overall,2011
beverpa01,Patrick Beverley,2017-18,5513514,Los Angeles Clippers,Point Guard and Shooting Guard,42nd overall,2009
birchkh01,Khem Birch,2017-18,815615,Orlando Magic,Center,,
biyombi01,Bismack Biyombo,2017-18,17000000,Orlando Magic,Center,7th overall,2011
bjeline01,Nemanja Bjelica,2017-18,3949999,Minnesota Timberwolves,Power Forward,35th overall,2010
blackta01,Tarik Black,2017-18,3290000,Houston Rockets,Center,,
bledser01,Eric Bledsoe,2017-18,14500000,Milwaukee Bucks,Point Guard,18th overall,2010
bogdabo01,Bogdan Bogdanovic,2017-18,9470614,Sacramento Kings,Shooting Guard,27th overall,2014
bogdabo02,Bojan Bogdanovic,2017-18,10500000,Indiana Pacers,Small Forward,31st overall,2011
bogutan01,Andrew Bogut,2017-18,1105123,Los Angeles Lakers,Power Forward and Center,1st overall,2005
bookede01,Devin Booker,2017-18,2319360,Phoenix Suns,Shooting Guard,13th overall,2015
booketr01,Trevor Booker,2017-18,8725000,Philadelphia 76ers,Power Forward,23rd overall,2010
booketr01,Trevor Booker,2017-18,332516,Indiana Pacers,Power Forward,23rd overall,2010
boshch01,Chris Bosh,2017-18,25289390,Miami Heat,Power Forward and Center,4th overall,2003
bradlav01,Avery Bradley,2017-18,8808989,Los Angeles Clippers,Point Guard and Shooting Guard,19th overall,2010
bradlto01,Tony Bradley,2017-18,1414920,Utah Jazz,Center,28th overall,2017
breweco01,Corey Brewer,2017-18,6879366,Los Angeles Lakers,Shooting Guard and Small Forward,7th overall,2007
breweco01,Corey Brewer,2017-18,340829,Oklahoma City Thunder,Shooting Guard and Small Forward,7th overall,2007
brogdma01,Malcolm Brogdon,2017-18,1312611,Milwaukee Bucks,Shooting Guard and Point Guard,36th overall,2016
brookaa01,Aaron Brooks,2017-18,1471382,Minnesota Timberwolves,Point Guard,26th overall,2007
brookdi01,Dillon Brooks,2017-18,815615,Memphis Grizzlies,Small Forward,45th overall,2017
brookma01,MarShon Brooks,2017-18,332477,Memphis Grizzlies,Shooting Guard,25th overall,2011
brownbo02,Bobby Brown,2017-18,1230186,Houston Rockets,Point Guard and Shooting Guard,,
brownja02,Jaylen Brown,2017-18,4956480,Boston Celtics,Small Forward and Shooting Guard,3rd overall,2016
brownst02,Sterling Brown,2017-18,815615,Milwaukee Bucks,Shooting Guard,46th overall,2017
brussni01,Nicolas Brussino,2017-18,905249,Atlanta Hawks,Small Forward and Shooting Guard,,
bryanth01,Thomas Bryant,2017-18,815615,Los Angeles Lakers,Center,42nd overall,2017
bullore01,Reggie Bullock,2017-18,2500000,Detroit Pistons,Shooting Guard and Small Forward,25th overall,2013
burketr01,Trey Burke,2017-18,784160,New York Knicks,Point Guard,9th overall,2013
burksal01,Alec Burks,2017-18,10845506,Utah Jazz,Shooting Guard,12th overall,2011
butleca01,Caron Butler,2017-18,517220,Sacramento Kings,Small Forward and Shooting Guard,10th overall,2002
butleji01,Jimmy Butler,2017-18,19301070,Minnesota Timberwolves,Shooting Guard and Small Forward,30th overall,2011
buyckdw01,Dwight Buycks,2017-18,748160,Detroit Pistons,Point Guard,,
cabocbr01,Bruno Caboclo,2017-18,2451225,Sacramento Kings,Small Forward,20th overall,2014
caldejo01,Jose Calderon,2017-18,1471382,Cleveland Cavaliers,Shooting Guard and Point Guard,,
caldwke01,Kentavious Caldwell-Pope,2017-18,17745894,Los Angeles Lakers,Shooting Guard,8th overall,2013
canaais01,Isaiah Canaan,2017-18,997547,Phoenix Suns,Shooting Guard and Point Guard,34th overall,2013
canaais01,Isaiah Canaan,2017-18,200000,Chicago Bulls,Shooting Guard and Point Guard,34th overall,2013
canaais01,Isaiah Canaan,2017-18,53465,Houston Rockets,Shooting Guard and Point Guard,34th overall,2013
capelca01,Clint Capela,2017-18,2334520,Houston Rockets,Center,25th overall,2014
carrode01,DeMarre Carroll,2017-18,14800000,Brooklyn Nets,Small Forward and Power Forward,27th overall,2009
cartevi01,Vince Carter,2017-18,8000000,Sacramento Kings,Small Forward and Shooting Guard,5th overall,1998
cartemi01,Michael Carter-Williams,2017-18,2700000,Charlotte Hornets,Point Guard,11th overall,2013
casspom01,Omri Casspi,2017-18,1471382,Golden State Warriors,Small Forward and Power Forward,23rd overall,2009
caulewi01,Willie Cauley-Stein,2017-18,3704160,Sacramento Kings,Center,6th overall,2015
cavanty01,Tyler Cavanaugh,2017-18,729919,Atlanta Hawks,Power Forward,,
chalmma01,Mario Chalmers,2017-18,2106407,Memphis Grizzlies,Point Guard,34th overall,2008
chandty01,Tyson Chandler,2017-18,13000000,Phoenix Suns,Center and Power Forward,2nd overall,2001
chandwi01,Wilson Chandler,2017-18,12016854,Denver Nuggets,Shooting Guard and Small Forward and Power Forward,23rd overall,2007
chrisma01,Marquese Chriss,2017-18,3073800,Phoenix Suns,Power Forward,8th overall,2016
chrisra01,Rakeem Christmas,2017-18,172552,Indiana Pacers,Power Forward,36th overall,2015
clarkia01,Ian Clark,2017-18,1471382,New Orleans Pelicans,Shooting Guard,,
clarkjo01,Jordan Clarkson,2017-18,11562500,Cleveland Cavaliers,Shooting Guard and Point Guard,46th overall,2014
collijo01,John Collins,2017-18,1936920,Atlanta Hawks,Power Forward,19th overall,2017
colliza01,Zach Collins,2017-18,3057240,Portland Trail Blazers,Center,10th overall,2017
collida01,Darren Collison,2017-18,10000000,Indiana Pacers,Point Guard,21st overall,2009
collini01,Nick Collison,2017-18,2328652,Oklahoma City Thunder,Power Forward and Center,12th overall,2003
conlemi01,Mike Conley,2017-18,28530608,Memphis Grizzlies,Point Guard,4th overall,2007
connapa01,Pat Connaughton,2017-18,1471382,Portland Trail Blazers,Shooting Guard,41st overall,2015
couside01,DeMarcus Cousins,2017-18,18063850,New Orleans Pelicans,Center,5th overall,2010
covinro01,Robert Covington,2017-18,16698103,Philadelphia 76ers,Small Forward,,
crabbal01,Allen Crabbe,2017-18,19332500,Brooklyn Nets,Shooting Guard,31st overall,2013
crawfja01,Jamal Crawford,2017-18,10942762,Atlanta Hawks,Shooting Guard and Point Guard,8th overall,2000
crawfja01,Jamal Crawford,2017-18,4328000,Minnesota Timberwolves,Shooting Guard and Point Guard,8th overall,2000
crawfjo02,Jordan Crawford,2017-18,308190,New Orleans Pelicans,Shooting Guard and Point Guard,27th overall,2010
crowdja01,Jae Crowder,2017-18,6796117,Utah Jazz,Small Forward,34th overall,2012
cunnida01,Dante Cunningham,2017-18,2300000,Brooklyn Nets,Power Forward and Small Forward,33rd overall,2009
curryse01,Seth Curry,2017-18,3028410,Dallas Mavericks,Shooting Guard and Point Guard,,
curryst01,Stephen Curry,2017-18,34682550,Golden State Warriors,Point Guard,7th overall,2009
danietr01,Troy Daniels,2017-18,3408520,Phoenix Suns,Shooting Guard,,
davisan02,Anthony Davis,2017-18,23775506,New Orleans Pelicans,Power Forward and Center,1st overall,2012
davisde01,Deyonta Davis,2017-18,1312611,Memphis Grizzlies,Center,31st overall,2016
davised01,Ed Davis,2017-18,6352531,Portland Trail Blazers,Center and Power Forward,13th overall,2010
dedmode01,Dewayne Dedmon,2017-18,6000000,Atlanta Hawks,Center,,
dekkesa01,Sam Dekker,2017-18,1794600,Los Angeles Clippers,Power Forward,18th overall,2015
delanma01,Malcolm Delaney,2017-18,2500000,Atlanta Hawks,Point Guard,,
delfica01,Carlos Delfino,2017-18,650000,Los Angeles Clippers,Shooting Guard and Small Forward,25th overall,2003
dellama01,Matthew Dellavedova,2017-18,9607500,Milwaukee Bucks,Point Guard and Shooting Guard,,
denglu01,Luol Deng,2017-18,17190000,Los Angeles Lakers,Power Forward and Small Forward,7th overall,2004
derozde01,DeMar DeRozan,2017-18,27739975,Toronto Raptors,Shooting Guard,9th overall,2009
diallch01,Cheick Diallo,2017-18,1312611,New Orleans Pelicans,Power Forward,33rd overall,2016
dienggo01,Gorgui Dieng,2017-18,14112360,Minnesota Timberwolves,Center and Power Forward,21st overall,2013
dinwisp01,Spencer Dinwiddie,2017-18,1524305,Brooklyn Nets,Point Guard,38th overall,2014
dorsety01,Tyler Dorsey,2017-18,815615,Atlanta Hawks,Shooting Guard,41st overall,2017
dotsoda01,Damyean Dotson,2017-18,1100000,New York Knicks,Shooting Guard,44th overall,2017
dragigo01,Goran Dragic,2017-18,17000450,Miami Heat,Point Guard and Shooting Guard,45th overall,2008
drewla02,Larry Drew II,2017-18,148318,New Orleans Pelicans,Point Guard,,
drewla02,Larry Drew II,2017-18,74159,Philadelphia 76ers,Point Guard,,
drumman01,Andre Drummond,2017-18,23775506,Detroit Pistons,Center,9th overall,2012
dudleja01,Jared Dudley,2017-18,10000000,Phoenix Suns,Small Forward and Power Forward and Shooting Guard,22nd overall,2007
duncati01,Tim Duncan,2017-18,1881250,San Antonio Spurs,Center and Power Forward,1st overall,1997
dunlemi02,Mike Dunleavy,2017-18,1662500,Atlanta Hawks,Small Forward and Shooting Guard and Power Forward,3rd overall,2002
dunnkr01,Kris Dunn,2017-18,4046760,Chicago Bulls,Point Guard,5th overall,2016
duranke01,Kevin Durant,2017-18,25000000,Golden State Warriors,Power Forward and Small Forward and Shooting Guard,2nd overall,2007
eddieja01,Jarell Eddie,2017-18,100353,Chicago Bulls,Small Forward,,
eddieja01,Jarell Eddie,2017-18,83129,Boston Celtics,Small Forward,,
ellenhe01,Henry Ellenson,2017-18,1780800,Detroit Pistons,Power Forward,18th overall,2016
ellinwa01,Wayne Ellington,2017-18,6270000,Miami Heat,Shooting Guard,28th overall,2009
ellismo01,Monta Ellis,2017-18,2245400,Indiana Pacers,Shooting Guard,40th overall,2005
embiijo01,Joel Embiid,2017-18,6100266,Philadelphia 76ers,Center,3rd overall,2014
ennisja01,James Ennis,2017-18,3028410,Detroit Pistons,Small Forward,50th overall,2013
ennisty01,Tyler Ennis,2017-18,1524305,Los Angeles Lakers,Point Guard,18th overall,2014
evansja01,Jawun Evans,2017-18,815615,Los Angeles Clippers,Point Guard,39th overall,2017
evansje01,Jeremy Evans,2017-18,133129,Atlanta Hawks,Power Forward and Small Forward,55th overall,2010
evansty01,Tyreke Evans,2017-18,3290000,Memphis Grizzlies,Small Forward and Shooting Guard and Point Guard,4th overall,2009
exumda01,Dante Exum,2017-18,4992385,Utah Jazz,Point Guard,5th overall,2014
ezelife01,Festus Ezeli,2017-18,333334,Portland Trail Blazers,Center,30th overall,2012
farieke01,Kenneth Faried,2017-18,12921348,Denver Nuggets,Center and Power Forward,22nd overall,2011
farmajo01,Jordan Farmar,2017-18,510921,Los Angeles Clippers,Point Guard,26th overall,2006
favorde01,Derrick Favors,2017-18,12000000,Utah Jazz,Center and Power Forward,3rd overall,2010
feliccr01,Cristiano Felicio,2017-18,7843500,Chicago Bulls,Center,,
felixca01,Carrick Felix,2017-18,140902,Washington Wizards,Shooting Guard,33rd overall,2013
feltora01,Raymond Felton,2017-18,1471382,Oklahoma City Thunder,Point Guard and Shooting Guard,5th overall,2005
fergute01,Terrance Ferguson,2017-18,1785000,Oklahoma City Thunder,Shooting Guard,21st overall,2017
ferreyo01,Yogi Ferrell,2017-18,1312611,Dallas Mavericks,Shooting Guard and Point Guard,,
finnedo01,Dorian Finney-Smith,2017-18,1312611,Dallas Mavericks,Small Forward and Power Forward,,
forbebr01,Bryn Forbes,2017-18,1312611,San Antonio Spurs,Shooting Guard,,
fournev01,Evan Fournier,2017-18,17000000,Orlando Magic,Small Forward and Shooting Guard,20th overall,2012
foxde01,De'Aaron Fox,2017-18,4609200,Sacramento Kings,Point Guard,5th overall,2017
frankja01,Jamaal Franklin,2017-18,163296,Memphis Grizzlies,Shooting Guard,41st overall,2013
fraziti01,Tim Frazier,2017-18,2000000,Washington Wizards,Point Guard,,
fryech01,Channing Frye,2017-18,7420912,Los Angeles Lakers,Center and Power Forward,8th overall,2005
fultzma01,Markelle Fultz,2017-18,7026240,Philadelphia 76ers,Shooting Guard,1st overall,2017
gallida01,Danilo Gallinari,2017-18,20559599,Los Angeles Clippers,Small Forward and Shooting Guard and Power Forward,6th overall,2008
gallola01,Langston Galloway,2017-18,6666667,Detroit Pistons,Shooting Guard and Point Guard,,
gasolma01,Marc Gasol,2017-18,22642350,Memphis Grizzlies,Center,48th overall,2007
gasolpa01,Pau Gasol,2017-18,16000000,San Antonio Spurs,Center and Power Forward,3rd overall,2001
gayru01,Rudy Gay,2017-18,8406000,San Antonio Spurs,Power Forward and Small Forward,8th overall,2006
gbinimi01,Michael Gbinije,2017-18,500000,Detroit Pistons,Shooting Guard,49th overall,2016
georgpa01,Paul George,2017-18,19508958,Oklahoma City Thunder,Small Forward and Shooting Guard,10th overall,2010
georgma01,Marcus Georges-Hunt,2017-18,1312611,Minnesota Timberwolves,Shooting Guard,,
gibsojo01,Jonathan Gibson,2017-18,44495,Boston Celtics,Point Guard,,
gibsota01,Taj Gibson,2017-18,14000000,Minnesota Timberwolves,Power Forward,26th overall,2009
gilesha01,Harry Giles,2017-18,1859400,Sacramento Kings,Power Forward,20th overall,2017
ginobma01,Manu Ginobili,2017-18,2500000,San Antonio Spurs,Shooting Guard,57th overall,1999
goberru01,Rudy Gobert,2017-18,21974719,Utah Jazz,Center,27th overall,2013
gordoaa01,Aaron Gordon,2017-18,5504420,Orlando Magic,Power Forward and Small Forward,4th overall,2014
gordoer01,Eric Gordon,2017-18,12943020,Houston Rockets,Shooting Guard and Point Guard,7th overall,2008
gortama01,Marcin Gortat,2017-18,12782609,Washington Wizards,Power Forward and Center,57th overall,2005
grahatr01,Treveon Graham,2017-18,1312611,Charlotte Hornets,Shooting Guard,,
grantje01,Jerami Grant,2017-18,1524305,Oklahoma City Thunder,Small Forward and Power Forward,39th overall,2014
grantje02,Jerian Grant,2017-18,1713840,Chicago Bulls,Point Guard,19th overall,2015
grayjo01,Josh Gray,2017-18,101376,Phoenix Suns,Point Guard,,
greenda02,Danny Green,2017-18,10000000,San Antonio Spurs,Shooting Guard,46th overall,2009
greendr01,Draymond Green,2017-18,16400000,Golden State Warriors,Small Forward and Power Forward,35th overall,2012
greenge01,Gerald Green,2017-18,872854,Houston Rockets,Shooting Guard and Small Forward,18th overall,2005
greenja01,JaMychal Green,2017-18,8533333,Memphis Grizzlies,Power Forward,,
greenje02,Jeff Green,2017-18,2116955,Cleveland Cavaliers,Small Forward and Power Forward,5th overall,2007
griffbl01,Blake Griffin,2017-18,29727900,Detroit Pistons,Power Forward,1st overall,2009
hamilju01,Justin Hamilton,2017-18,1000000,Toronto Raptors,Center,45th overall,2012
hammoaj01,A.J. Hammons,2017-18,1312611,Miami Heat,Center,46th overall,2016
hardati02,Tim Hardaway Jr.,2017-18,16500000,New York Knicks,Shooting Guard,24th overall,2013
hardeja01,James Harden,2017-18,28299399,Houston Rockets,Shooting Guard and Point Guard,3rd overall,2009
harklma01,Maurice Harkless,2017-18,10162922,Portland Trail Blazers,Small Forward,15th overall,2012
harremo01,Montrezl Harrell,2017-18,1471382,Los Angeles Clippers,Power Forward and Center,32nd overall,2015
harride01,Devin Harris,2017-18,4402546,Denver Nuggets,Point Guard and Shooting Guard,5th overall,2004
harriga01,Gary Harris,2017-18,2550055,Denver Nuggets,Shooting Guard,19th overall,2014
harrijo01,Joe Harris,2017-18,1524305,Brooklyn Nets,Shooting Guard,33rd overall,2014
harrito02,Tobias Harris,2017-18,16000000,Los Angeles Clippers,Power Forward and Small Forward,19th overall,2011
harriaa01,Aaron Harrison,2017-18,174571,Dallas Mavericks,Shooting Guard,,
harrian01,Andrew Harrison,2017-18,1312611,Memphis Grizzlies,Point Guard,44th overall,2015
harrish01,Shaquille Harrison,2017-18,267160,Phoenix Suns,Point Guard,,
hartjo01,Josh Hart,2017-18,1394520,Los Angeles Lakers,Shooting Guard,30th overall,2017
hasleud01,Udonis Haslem,2017-18,1471382,Miami Heat,Power Forward and Center,,
hawessp01,Spencer Hawes,2017-18,2007059,Milwaukee Bucks,Power Forward and Center,10th overall,2007
hayesni01,Nigel Hayes,2017-18,92160,Toronto Raptors,Small Forward,,
hayesni01,Nigel Hayes,2017-18,55296,Sacramento Kings,Small Forward,,
hayesni01,Nigel Hayes,2017-18,50000,New York Knicks,Small Forward,,
hayesni01,Nigel Hayes,2017-18,46080,Los Angeles Lakers,Small Forward,,
haywago01,Gordon Hayward,2017-18,29727900,Boston Celtics,Power Forward and Small Forward,9th overall,2010
hendege02,Gerald Henderson,2017-18,1000000,Philadelphia 76ers,Shooting Guard,12th overall,2009
hensojo01,John Henson,2017-18,11422536,Milwaukee Bucks,Center and Power Forward,14th overall,2012
hernaju01,Juan Hernangomez,2017-18,2076840,Denver Nuggets,Power Forward,15th overall,2016
hernawi01,Willy Hernangomez,2017-18,1435750,Charlotte Hornets,Center,35th overall,2015
hezonma01,Mario Hezonja,2017-18,4078320,Orlando Magic,Small Forward,5th overall,2015
hieldbu01,Buddy Hield,2017-18,3675480,Sacramento Kings,Shooting Guard,6th overall,2016
hilarne01,Nene,2017-18,3477600,Houston Rockets,Power Forward and Center,7th overall,2002
hillge01,George Hill,2017-18,20000000,Cleveland Cavaliers,Point Guard,26th overall,2008
hillso01,Solomon Hill,2017-18,12236535,New Orleans Pelicans,Small Forward,23rd overall,2013
holidjr01,Jrue Holiday,2017-18,25686667,New Orleans Pelicans,Point Guard and Shooting Guard,17th overall,2009
holidju01,Justin Holiday,2017-18,4615385,Chicago Bulls,Shooting Guard,,
holliro01,Rondae Hollis-Jefferson,2017-18,1471382,Brooklyn Nets,Small Forward,23rd overall,2015
holmeri01,Richaun Holmes,2017-18,1471382,Philadelphia 76ers,Center and Power Forward,37th overall,2015
hoodro01,Rodney Hood,2017-18,2386864,Cleveland Cavaliers,Shooting Guard,23rd overall,2014
hopsosc01,Scotty Hopson,2017-18,74159,Dallas Mavericks,Shooting Guard,,
horfoal01,Al Horford,2017-18,27734405,Boston Celtics,Center,3rd overall,2007
howardw01,Dwight Howard,2017-18,23500000,Charlotte Hornets,Power Forward and Center,1st overall,2004
huestjo01,Josh Huestis,2017-18,1471382,Oklahoma City Thunder,Power Forward,29th overall,2014
ibakase01,Serge Ibaka,2017-18,20061729,Toronto Raptors,Power Forward and Center,24th overall,2008
iguodan01,Andre Iguodala,2017-18,14814815,Golden State Warriors,Small Forward and Shooting Guard,9th overall,2004
ilyaser01,Ersan Ilyasova,2017-18,5434282,Atlanta Hawks,Power Forward,36th overall,2005
ilyaser01,Ersan Ilyasova,2017-18,357454,Philadelphia 76ers,Power Forward,36th overall,2005
inglejo01,Joe Ingles,2017-18,14136364,Utah Jazz,Power Forward and Small Forward,,
ingraan01,Andre Ingram,2017-18,13824,Los Angeles Lakers,Shooting Guard,,
ingrabr01,Brandon Ingram,2017-18,5519400,Los Angeles Lakers,Small Forward,2nd overall,2016
irvinky01,Kyrie Irving,2017-18,18868625,Boston Celtics,Point Guard,1st overall,2011
isaacjo01,Jonathan Isaac,2017-18,4186320,Orlando Magic,Power Forward,6th overall,2017
iwundwe01,Wesley Iwundu,2017-18,1050000,Orlando Magic,Small Forward,33rd overall,2017
jackja01,Jarrett Jack,2017-18,1471382,New York Knicks,Shooting Guard and Point Guard,22nd overall,2005
jacksaa01,Aaron Jackson,2017-18,4608,Houston Rockets,Point Guard,,
jacksfr01,Frank Jackson,2017-18,815615,New Orleans Pelicans,Point Guard,31st overall,2017
jacksjo02,Josh Jackson,2017-18,5090040,Phoenix Suns,Small Forward and Shooting Guard,4th overall,2017
jacksju01,Justin Jackson,2017-18,2365560,Sacramento Kings,Small Forward,15th overall,2017
jacksre01,Reggie Jackson,2017-18,16000000,Detroit Pistons,Point Guard,24th overall,2011
jamesle01,LeBron James,2017-18,33285709,Cleveland Cavaliers,Shooting Guard and Small Forward and Power Forward,1st overall,2003
jeffeal01,Al Jefferson,2017-18,9769821,Indiana Pacers,Power Forward and Center,15th overall,2004
jeffeam01,Amile Jefferson,2017-18,4608,Minnesota Timberwolves,Power Forward,,
jefferi01,Richard Jefferson,2017-18,2500000,Atlanta Hawks,Small Forward,13th overall,2001
jefferi01,Richard Jefferson,2017-18,1454756,Denver Nuggets,Small Forward,13th overall,2001
jennibr01,Brandon Jennings,2017-18,297169,Milwaukee Bucks,Point Guard,10th overall,2009
jerebjo01,Jonas Jerebko,2017-18,4000000,Utah Jazz,Power Forward,39th overall,2009
johnsam01,Amir Johnson,2017-18,11000000,Philadelphia 76ers,Center and Small Forward and Power Forward,56th overall,2005
johnsbr02,Brice Johnson,2017-18,1331160,Memphis Grizzlies,Power Forward,25th overall,2016
johnsch04,Chris Johnson,2017-18,25000,Houston Rockets,Small Forward,,
johnsda04,Dakari Johnson,2017-18,815615,Oklahoma City Thunder,Center,48th overall,2015
johnsja01,James Johnson,2017-18,13954000,Miami Heat,Power Forward and Small Forward,16th overall,2009
johnsjo02,Joe Johnson,2017-18,9505000,Sacramento Kings,Shooting Guard and Small Forward,10th overall,2001
johnsjo02,Joe Johnson,2017-18,473835,Houston Rockets,Shooting Guard and Small Forward,10th overall,2001
johnsom01,Omari Johnson,2017-18,27648,Memphis Grizzlies,Power Forward,,
johnsst04,Stanley Johnson,2017-18,3097800,Detroit Pistons,Small Forward,8th overall,2015
johnsty01,Tyler Johnson,2017-18,5881260,Miami Heat,Shooting Guard and Point Guard,,
johnswe01,Wesley Johnson,2017-18,5881260,Los Angeles Clippers,Shooting Guard and Small Forward,4th overall,2010
jokicni01,Nikola Jokic,2017-18,1471382,Denver Nuggets,Center,41st overall,2014
jonesda03,Damian Jones,2017-18,1312611,Golden State Warriors,Center,30th overall,2016
jonesty01,Tyus Jones,2017-18,1471382,Minnesota Timberwolves,Point Guard,24th overall,2015
jordade01,DeAndre Jordan,2017-18,22642350,Los Angeles Clippers,Center,35th overall,2008
josepco01,Cory Joseph,2017-18,7630000,Indiana Pacers,Point Guard and Shooting Guard,29th overall,2011
kaminfr01,Frank Kaminsky,2017-18,2847600,Charlotte Hornets,Center and Power Forward,9th overall,2015
kanteen01,Enes Kanter,2017-18,20566802,New York Knicks,Center,3rd overall,2011
kennalu01,Luke Kennard,2017-18,2759280,Detroit Pistons,Shooting Guard,12th overall,2017
kiddgmi01,Michael Kidd-Gilchrist,2017-18,13000000,Charlotte Hornets,Small Forward and Power Forward,2nd overall,2012
kilpase01,Sean Kilpatrick,2017-18,2163006,Chicago Bulls,Shooting Guard,,
kilpase01,Sean Kilpatrick,2017-18,1524305,Brooklyn Nets,Shooting Guard,,
kilpase01,Sean Kilpatrick,2017-18,789725,Milwaukee Bucks,Shooting Guard,,
kilpase01,Sean Kilpatrick,2017-18,166258,Los Angeles Clippers,Shooting Guard,,
klebima01,Maxi Kleber,2017-18,815615,Dallas Mavericks,Power Forward,,
knighbr03,Brandon Knight,2017-18,13618750,Phoenix Suns,Point Guard and Shooting Guard,8th overall,2011
korkmfu01,Furkan Korkmaz,2017-18,1465920,Philadelphia 76ers,Shooting Guard,26th overall,2016
korveky01,Kyle Korver,2017-18,7000000,Cleveland Cavaliers,Small Forward and Shooting Guard and Power Forward,51st overall,2003
koufoko01,Kosta Koufos,2017-18,8393000,Sacramento Kings,Center,23rd overall,2008
kuzmaky01,Kyle Kuzma,2017-18,1423560,Los Angeles Lakers,Power Forward,27th overall,2017
kuzmimi01,Mindaugas Kuzminskas,2017-18,3025035,New York Knicks,Small Forward,,
labissk01,Skal Labissiere,2017-18,1312611,Sacramento Kings,Power Forward,28th overall,2016
lambje01,Jeremy Lamb,2017-18,7000000,Charlotte Hornets,Small Forward and Shooting Guard,12th overall,2012
larkish01,Shane Larkin,2017-18,1471382,Boston Celtics,Point Guard,18th overall,2013
lauvejo01,Joffrey Lauvergne,2017-18,1524305,San Antonio Spurs,Center and Power Forward,55th overall,2013
lavinza01,Zach LaVine,2017-18,3202217,Chicago Bulls,Point Guard and Shooting Guard,13th overall,2014
lawsoty01,Ty Lawson,2017-18,8313,Washington Wizards,Point Guard,18th overall,2009
laymaja01,Jake Layman,2017-18,1312611,Portland Trail Blazers,Small Forward,47th overall,2016
leaftj01,T.J. Leaf,2017-18,2028360,Indiana Pacers,Power Forward,18th overall,2017
leeco01,Courtney Lee,2017-18,11747890,New York Knicks,Shooting Guard,22nd overall,2008
leeda03,Damion Lee,2017-18,138240,Atlanta Hawks,Shooting Guard,,
lemonwa01,Walt Lemon Jr.,2017-18,92160,New Orleans Pelicans,Point Guard,,
lenal01,Alex Len,2017-18,4187599,Phoenix Suns,Center,5th overall,2013
leonaka01,Kawhi Leonard,2017-18,18868625,San Antonio Spurs,Small Forward,15th overall,2011
leoname01,Meyers Leonard,2017-18,9904495,Portland Trail Blazers,Power Forward and Center,11th overall,2012
leuerjo01,Jon Leuer,2017-18,10497319,Detroit Pistons,Center and Power Forward,40th overall,2011
leverca01,Caris LeVert,2017-18,1632480,Brooklyn Nets,Small Forward,20th overall,2016
liggide01,DeAndre Liggins,2017-18,757427,Milwaukee Bucks,Shooting Guard and Small Forward,53rd overall,2011
liggide01,DeAndre Liggins,2017-18,754378,New Orleans Pelicans,Shooting Guard and Small Forward,53rd overall,2011
liggide01,DeAndre Liggins,2017-18,26773,Atlanta Hawks,Shooting Guard and Small Forward,53rd overall,2011
lillada01,Damian Lillard,2017-18,26153057,Portland Trail Blazers,Point Guard,6th overall,2012
linje01,Jeremy Lin,2017-18,12000000,Brooklyn Nets,Shooting Guard and Point Guard,,
livinsh01,Shaun Livingston,2017-18,7692308,Golden State Warriors,Shooting Guard and Point Guard,4th overall,2004
looneke01,Kevon Looney,2017-18,1471382,Golden State Warriors,Center and Power Forward,30th overall,2015
lopezbr01,Brook Lopez,2017-18,22642350,Los Angeles Lakers,Center,10th overall,2008
lopezro01,Robin Lopez,2017-18,13788500,Chicago Bulls,Center,15th overall,2008
loveke01,Kevin Love,2017-18,22642350,Cleveland Cavaliers,Center and Power Forward,5th overall,2008
lowryky01,Kyle Lowry,2017-18,28703704,Toronto Raptors,Point Guard,24th overall,2006
luwawti01,Timothe Luwawu-Cabarrot,2017-18,1386600,Philadelphia 76ers,Small Forward,24th overall,2016
lydonty01,Tyler Lydon,2017-18,1579440,Denver Nuggets,Power Forward,24th overall,2017
lylestr01,Trey Lyles,2017-18,2441400,Denver Nuggets,Power Forward,12th overall,2015
mcclesh01,Sheldon Mac,2017-18,1312611,Atlanta Hawks,Shooting Guard,,
macksh01,Shelvin Mack,2017-18,6000000,Orlando Magic,Shooting Guard and Point Guard,34th overall,2011
mahinia01,Ian Mahinmi,2017-18,16661641,Washington Wizards,Center,28th overall,2005
makerth01,Thon Maker,2017-18,2684160,Milwaukee Bucks,Center and Power Forward,10th overall,2016
marjabo01,Boban Marjanovic,2017-18,7000000,Los Angeles Clippers,Center,,
markkla01,Lauri Markkanen,2017-18,3821640,Chicago Bulls,Power Forward,7th overall,2017
martija01,Jarell Martin,2017-18,1471382,Memphis Grizzlies,Power Forward,25th overall,2015
martike02,Kevin Martin,2017-18,1360305,Minnesota Timberwolves,Point Guard and Shooting Guard,26th overall,2004
masonfr01,Frank Mason III,2017-18,1184385,Sacramento Kings,Point Guard,34th overall,2017
matthwe02,Wesley Matthews,2017-18,17884176,Dallas Mavericks,Small Forward and Shooting Guard,,
mbahalu01,Luc Mbah a Moute,2017-18,1471382,Houston Rockets,Small Forward and Power Forward,37th overall,2008
mccawpa01,Patrick McCaw,2017-18,1312611,Golden State Warriors,Shooting Guard,38th overall,2016
mccolcj01,CJ McCollum,2017-18,23962573,Portland Trail Blazers,Shooting Guard,10th overall,2013
mccontj01,T.J. McConnell,2017-18,1471382,Philadelphia 76ers,Point Guard,,
mcculch01,Chris McCullough,2017-18,1471382,Washington Wizards,Power Forward,29th overall,2015
mcdankj01,K.J. McDaniels,2017-18,100000,Toronto Raptors,Small Forward and Shooting Guard,32nd overall,2014
mcderdo01,Doug McDermott,2017-18,3294994,Dallas Mavericks,Small Forward,11th overall,2014
mcgeeja01,JaVale McGee,2017-18,1471382,Golden State Warriors,Center,18th overall,2008
mcgruro01,Rodney McGruder,2017-18,1312611,Miami Heat,Shooting Guard,,
mckintr01,Trey McKinney-Jones,2017-18,46080,Indiana Pacers,Shooting Guard,,
mckinal01,Alfonzo McKinnie,2017-18,815615,Toronto Raptors,Small Forward,,
mclembe01,Ben McLemore,2017-18,5200000,Memphis Grizzlies,Shooting Guard,7th overall,2013
mcrobjo01,Josh McRoberts,2017-18,6021175,Dallas Mavericks,Center and Power Forward,37th overall,2007
meeksjo01,Jodie Meeks,2017-18,3290000,Washington Wizards,Shooting Guard,41st overall,2009
mejrisa01,Salah Mejri,2017-18,1471382,Dallas Mavericks,Center,,
mekelga01,Gal Mekel,2017-18,315760,Dallas Mavericks,Point Guard,,
mickejo01,Jordan Mickey,2017-18,1471382,Miami Heat,Power Forward,33rd overall,2015
middlkh01,Khris Middleton,2017-18,14100000,Milwaukee Bucks,Shooting Guard and Small Forward,39th overall,2012
milescj01,C.J. Miles,2017-18,7936509,Toronto Raptors,Shooting Guard and Small Forward and Point Guard,34th overall,2005
milleda01,Darius Miller,2017-18,2100000,New Orleans Pelicans,Small Forward,46th overall,2012
millspa02,Patty Mills,2017-18,10714286,San Antonio Spurs,Point Guard,55th overall,2009
millspa01,Paul Millsap,2017-18,31269231,Denver Nuggets,Power Forward,47th overall,2006
mirotni01,Nikola Mirotic,2017-18,12500000,New Orleans Pelicans,Power Forward,23rd overall,2011
mitchdo01,Donovan Mitchell,2017-18,2621280,Utah Jazz,Shooting Guard,13th overall,2017
monkma01,Malik Monk,2017-18,2904480,Charlotte Hornets,Shooting Guard,11th overall,2017
monrogr01,Greg Monroe,2017-18,16384175,Phoenix Suns,Power Forward and Center,7th overall,2010
monrogr01,Greg Monroe,2017-18,5000000,Boston Celtics,Power Forward and Center,7th overall,2010
mooreet01,E'Twaun Moore,2017-18,8445024,New Orleans Pelicans,Point Guard and Shooting Guard,55th overall,2011
moreler01,Eric Moreland,2017-18,1739333,Detroit Pistons,Power Forward,,
morrija01,Jaylen Morris,2017-18,193536,Atlanta Hawks,Shooting Guard,,
morrima03,Marcus Morris,2017-18,5000000,Boston Celtics,Small Forward and Power Forward,14th overall,2011
morrima02,Markieff Morris,2017-18,8000000,Washington Wizards,Power Forward,13th overall,2011
mozgoti01,Timofey Mozgov,2017-18,15280000,Brooklyn Nets,Center,,
mudiaem01,Emmanuel Mudiay,2017-18,3381480,New York Knicks,Point Guard,7th overall,2015
muhamsh01,Shabazz Muhammad,2017-18,1238616,Minnesota Timberwolves,Small Forward and Shooting Guard,14th overall,2013
muhamsh01,Shabazz Muhammad,2017-18,324203,Milwaukee Bucks,Small Forward and Shooting Guard,14th overall,2013
murrade01,Dejounte Murray,2017-18,1312611,San Antonio Spurs,Point Guard,29th overall,2016
murraja01,Jamal Murray,2017-18,3355320,Denver Nuggets,Shooting Guard and Point Guard,7th overall,2016
muscami01,Mike Muscala,2017-18,5000000,Atlanta Hawks,Power Forward and Center,44th overall,2013
naderab01,Abdel Nader,2017-18,1167333,Boston Celtics,Small Forward,58th overall,2016
nancela02,Larry Nance Jr.,2017-18,1471382,Cleveland Cavaliers,Center and Power Forward,27th overall,2015
napiesh01,Shabazz Napier,2017-18,2361360,Portland Trail Blazers,Point Guard,24th overall,2014
nelsoja01,Jameer Nelson,2017-18,4736050,Denver Nuggets,Point Guard,20th overall,2004
nelsoja01,Jameer Nelson,2017-18,1429818,Detroit Pistons,Point Guard,20th overall,2004
netora01,Raul Neto,2017-18,1471382,Utah Jazz,Point Guard,47th overall,2013
nichoan01,Andrew Nicholson,2017-18,2844429,Portland Trail Blazers,Power Forward,19th overall,2012
noahjo01,Joakim Noah,2017-18,17765000,New York Knicks,Center,9th overall,2007
noelne01,Nerlens Noel,2017-18,4187599,Dallas Mavericks,Power Forward and Center,6th overall,2013
noguelu01,Lucas Nogueira,2017-18,2947305,Toronto Raptors,Center,16th overall,2013
nowitdi01,Dirk Nowitzki,2017-18,5000000,Dallas Mavericks,Power Forward and Center,9th overall,1998
ntilila01,Frank Ntilikina,2017-18,3501120,New York Knicks,Point Guard,8th overall,2017
nurkiju01,Jusuf Nurkic,2017-18,2947305,Portland Trail Blazers,Center,16th overall,2014
nwabada01,David Nwaba,2017-18,1312611,Chicago Bulls,Shooting Guard,,
obryajo01,Johnny O'Bryant,2017-18,1524305,New York Knicks,Power Forward,36th overall,2014
onealro01,Royce O'Neale,2017-18,815615,Utah Jazz,Small Forward,,
oquinky01,Kyle O'Quinn,2017-18,4087500,New York Knicks,Center and Power Forward,49th overall,2012
ochefda01,Daniel Ochefu,2017-18,50000,Washington Wizards,Center,,
ojelese01,Semi Ojeleye,2017-18,1291892,Boston Celtics,Power Forward,37th overall,2017
okafoem01,Emeka Okafor,2017-18,774914,New Orleans Pelicans,Power Forward and Center,2nd overall,2004
okafoja01,Jahlil Okafor,2017-18,4995120,Brooklyn Nets,Center,3rd overall,2015
oladivi01,Victor Oladipo,2017-18,21000000,Indiana Pacers,Shooting Guard and Point Guard,2nd overall,2013
olynyke01,Kelly Olynyk,2017-18,10607169,Miami Heat,Center and Power Forward,13th overall,2013
onuakch01,Chinanu Onuaku,2017-18,1312611,Houston Rockets,Center,37th overall,2016
osmande01,Cedi Osman,2017-18,2642857,Cleveland Cavaliers,Small Forward,31st overall,2015
oubreke01,Kelly Oubre Jr.,2017-18,2093040,Washington Wizards,Small Forward,15th overall,2015
pachuza01,Zaza Pachulia,2017-18,3477600,Golden State Warriors,Center,42nd overall,2003
papagge01,Georgios Papagiannis,2017-18,2301360,Sacramento Kings,Center,13th overall,2016
papagge01,Georgios Papagiannis,2017-18,259556,Portland Trail Blazers,Center,13th overall,2016
parkeja01,Jabari Parker,2017-18,6782392,Milwaukee Bucks,Power Forward,2nd overall,2014
parketo01,Tony Parker,2017-18,15453126,San Antonio Spurs,Point Guard,28th overall,2001
parsoch01,Chandler Parsons,2017-18,23112004,Memphis Grizzlies,Small Forward,38th overall,2011
pattepa01,Patrick Patterson,2017-18,5192000,Oklahoma City Thunder,Power Forward,14th overall,2010
pattoju01,Justin Patton,2017-18,2247480,Minnesota Timberwolves,Center,16th overall,2017
paulbr01,Brandon Paul,2017-18,815615,San Antonio Spurs,Shooting Guard,,
paulch01,Chris Paul,2017-18,24599495,Houston Rockets,Point Guard,4th overall,2005
payneca01,Cameron Payne,2017-18,2203440,Chicago Bulls,Point Guard,14th overall,2015
paytoel01,Elfrid Payton,2017-18,3332340,Phoenix Suns,Point Guard,10th overall,2014
perkike01,Kendrick Perkins,2017-18,13156,Cleveland Cavaliers,Center,27th overall,2003
piercpa01,Paul Pierce,2017-18,1096080,Los Angeles Clippers,Shooting Guard and Small Forward,10th overall,1998
pleisti01,Tibor Pleiss,2017-18,500000,Philadelphia 76ers,Center,31st overall,2010
plumlma01,Mason Plumlee,2017-18,14041096,Denver Nuggets,Center,22nd overall,2013
plumlmi01,Miles Plumlee,2017-18,12500000,Atlanta Hawks,Center,26th overall,2012
poeltja01,Jakob Poeltl,2017-18,2825640,Toronto Raptors,Center,9th overall,2016
pondequ01,Quincy Pondexter,2017-18,3853931,Chicago Bulls,Small Forward and Shooting Guard,26th overall,2010
porteot01,Otto Porter,2017-18,24773250,Washington Wizards,Small Forward,3rd overall,2013
portibo01,Bobby Portis,2017-18,1516320,Chicago Bulls,Power Forward,22nd overall,2015
porzikr01,Kristaps Porzingis,2017-18,4503600,New York Knicks,Power Forward,4th overall,2015
poweldw01,Dwight Powell,2017-18,9003125,Dallas Mavericks,Power Forward and Center,45th overall,2014
powelno01,Norman Powell,2017-18,1471382,Toronto Raptors,Shooting Guard,46th overall,2015
poythal01,Alex Poythress,2017-18,778668,Indiana Pacers,Power Forward,,
pricero01,Ronnie Price,2017-18,2442455,Oklahoma City Thunder,Point Guard and Shooting Guard,,
purviro01,Rodney Purvis,2017-18,161280,Orlando Magic,Shooting Guard,,
qizh01,Zhou Qi,2017-18,815615,Houston Rockets,Power Forward and Center,43rd overall,2016
quartti01,Tim Quarterman,2017-18,96406,Houston Rockets,Shooting Guard,,
rabbiv01,Ivan Rabb,2017-18,950000,Memphis Grizzlies,Power Forward,35th overall,2017
radulmi01,Miroslav Raduljica,2017-18,252043,Los Angeles Clippers,Center,,
randlju01,Julius Randle,2017-18,4149242,Los Angeles Lakers,Power Forward and Center,7th overall,2014
randoza01,Zach Randolph,2017-18,12307692,Sacramento Kings,Power Forward and Center,19th overall,2001
rathaxa01,Xavier Rathan-Mayes,2017-18,46080,Memphis Grizzlies,Shooting Guard,,
redicjj01,J.J. Redick,2017-18,23000000,Philadelphia 76ers,Shooting Guard and Point Guard,11th overall,2006
reedda01,Davon Reed,2017-18,815615,Phoenix Suns,Shooting Guard,32nd overall,2017
reedwi02,Willie Reed,2017-18,1471382,Chicago Bulls,Center,,
richajo01,Josh Richardson,2017-18,1471382,Miami Heat,Shooting Guard and Small Forward,40th overall,2015
richama01,Malachi Richardson,2017-18,1504560,Toronto Raptors,Shooting Guard,22nd overall,2016
riverau01,Austin Rivers,2017-18,11825000,Los Angeles Clippers,Point Guard and Shooting Guard,10th overall,2012
roberan03,Andre Roberson,2017-18,9259259,Oklahoma City Thunder,Shooting Guard and Small Forward,26th overall,2013
robingl02,Glenn Robinson III,2017-18,1524305,Indiana Pacers,Shooting Guard and Small Forward,40th overall,2014
rondora01,Rajon Rondo,2017-18,3300000,New Orleans Pelicans,Point Guard,21st overall,2006
rondora01,Rajon Rondo,2017-18,3000000,Chicago Bulls,Point Guard,21st overall,2006
rosede01,Derrick Rose,2017-18,1356709,Cleveland Cavaliers,Point Guard,1st overall,2008
rosede01,Derrick Rose,2017-18,749761,Utah Jazz,Point Guard,1st overall,2008
rosede01,Derrick Rose,2017-18,290951,Minnesota Timberwolves,Point Guard,1st overall,2008
rosste01,Terrence Ross,2017-18,10500000,Orlando Magic,Small Forward and Shooting Guard,8th overall,2012
roziete01,Terry Rozier,2017-18,1988520,Boston Celtics,Point Guard,16th overall,2015
rubiori01,Ricky Rubio,2017-18,14275000,Utah Jazz,Point Guard,5th overall,2009
rushbr01,Brandon Rush,2017-18,83129,Portland Trail Blazers,Shooting Guard and Small Forward,13th overall,2008
russeda01,D'Angelo Russell,2017-18,5562360,Brooklyn Nets,Point Guard,2nd overall,2015
sabondo01,Domantas Sabonis,2017-18,2550000,Indiana Pacers,Center and Power Forward,11th overall,2016
sandela01,Larry Sanders,2017-18,1865547,Milwaukee Bucks,Power Forward and Center,15th overall,2010
saricda01,Dario Saric,2017-18,2422560,Philadelphia 76ers,Power Forward,12th overall,2014
satorto01,Tomas Satoransky,2017-18,3000000,Washington Wizards,Shooting Guard and Point Guard,32nd overall,2012
schrode01,Dennis Schroder,2017-18,15500000,Atlanta Hawks,Point Guard,17th overall,2013
scottmi01,Mike Scott,2017-18,1471382,Washington Wizards,Power Forward,43rd overall,2012
sefolth01,Thabo Sefolosha,2017-18,5250000,Utah Jazz,Small Forward and Shooting Guard,13th overall,2006
seldewa01,Wayne Selden,2017-18,1312611,Memphis Grizzlies,Shooting Guard,,
sessira01,Ramon Sessions,2017-18,1471382,New York Knicks,Point Guard and Shooting Guard,56th overall,2007
sessira01,Ramon Sessions,2017-18,390706,Washington Wizards,Point Guard and Shooting Guard,56th overall,2007
shumpim01,Iman Shumpert,2017-18,10337079,Sacramento Kings,Shooting Guard and Point Guard,17th overall,2011
siakapa01,Pascal Siakam,2017-18,1312611,Toronto Raptors,Power Forward,27th overall,2016
silasxa01,Xavier Silas,2017-18,74159,Boston Celtics,Shooting Guard,,
simmobe01,Ben Simmons,2017-18,6168840,Philadelphia 76ers,Point Guard,1st overall,2016
simmojo02,Jonathon Simmons,2017-18,6300000,Orlando Magic,Shooting Guard and Small Forward,,
singlky01,Kyle Singler,2017-18,4666500,Oklahoma City Thunder,Small Forward,33rd overall,2011
smartma01,Marcus Smart,2017-18,4538020,Boston Celtics,Shooting Guard and Point Guard,6th overall,2014
smithde03,Dennis Smith Jr.,2017-18,3218280,Dallas Mavericks,Point Guard,9th overall,2017
smithis01,Ish Smith,2017-18,6000000,Detroit Pistons,Point Guard,,
smithjr01,J.R. Smith,2017-18,13760000,Cleveland Cavaliers,Small Forward and Shooting Guard,18th overall,2004
smithja02,Jason Smith,2017-18,5225000,Washington Wizards,Center and Power Forward,20th overall,2007
smithjo03,Josh Smith,2017-18,5331729,Detroit Pistons,Small Forward and Power Forward,17th overall,2004
smithjo03,Josh Smith,2017-18,210500,New Orleans Pelicans,Small Forward and Power Forward,17th overall,2004
snellto01,Tony Snell,2017-18,9821429,Milwaukee Bucks,Shooting Guard and Small Forward,20th overall,2013
speigma01,Marreese Speights,2017-18,1471382,Orlando Magic,Power Forward and Center,16th overall,2008
stausni01,Nik Stauskas,2017-18,3807147,Brooklyn Nets,Shooting Guard,8th overall,2014
stephla01,Lance Stephenson,2017-18,4180000,Indiana Pacers,Small Forward and Shooting Guard,40th overall,2010
stockda01,David Stockton,2017-18,192813,Utah Jazz,Point Guard,,
stonedi01,Diamond Stone,2017-18,1312611,Atlanta Hawks,Center,40th overall,2016
stonedi01,Diamond Stone,2017-18,50000,Chicago Bulls,Center,40th overall,2016
stoneju01,Julyan Stone,2017-18,1524305,Charlotte Hornets,Point Guard and Shooting Guard,,
swanica01,Caleb Swanigan,2017-18,1465920,Portland Trail Blazers,Power Forward,26th overall,2017
tatumja01,Jayson Tatum,2017-18,5645400,Boston Celtics,Small Forward,3rd overall,2017
taylois01,Isaiah Taylor,2017-18,1312611,Atlanta Hawks,Point Guard,,
teaguje01,Jeff Teague,2017-18,19000000,Minnesota Timberwolves,Point Guard,19th overall,2009
teaguma01,Marquis Teague,2017-18,157945,Memphis Grizzlies,Point Guard and Shooting Guard,29th overall,2012
teletmi01,Mirza Teletovic,2017-18,10500000,Milwaukee Bucks,Small Forward and Power Forward,,
templga01,Garrett Temple,2017-18,8000000,Sacramento Kings,Point Guard and Small Forward and Shooting Guard,,
teodomi01,Milos Teodosic,2017-18,6000000,Los Angeles Clippers,Point Guard,,
terryja01,Jason Terry,2017-18,1471382,Milwaukee Bucks,Point Guard and Shooting Guard,10th overall,1999
theisda01,Daniel Theis,2017-18,815615,Boston Celtics,Center,,
thomais02,Isaiah Thomas,2017-18,6261395,Los Angeles Lakers,Point Guard and Shooting Guard,60th overall,2011
thomala01,Lance Thomas,2017-18,6655325,New York Knicks,Power Forward and Small Forward,,
thompja02,Jason Thompson,2017-18,945126,Golden State Warriors,Power Forward and Center,12th overall,2008
thompkl01,Klay Thompson,2017-18,17826150,Golden State Warriors,Shooting Guard,11th overall,2011
thomptr01,Tristan Thompson,2017-18,16400000,Cleveland Cavaliers,Power Forward and Center,4th overall,2011
thornsi01,Sindarius Thornwell,2017-18,815615,Los Angeles Clippers,Shooting Guard,48th overall,2017
tollian01,Anthony Tolliver,2017-18,3290000,Detroit Pistons,Power Forward and Small Forward,,
tollian01,Anthony Tolliver,2017-18,2000000,Sacramento Kings,Power Forward and Small Forward,,
toupaax01,Axel Toupane,2017-18,25000,New Orleans Pelicans,Small Forward,,
townska01,Karl-Anthony Towns,2017-18,6216840,Minnesota Timberwolves,Center,1st overall,2015
tuckepj01,P.J. Tucker,2017-18,7590035,Houston Rockets,Small Forward and Shooting Guard and Power Forward,35th overall,2006
turneev01,Evan Turner,2017-18,17131148,Portland Trail Blazers,Small Forward and Shooting Guard and Point Guard,2nd overall,2010
turnemy01,Myles Turner,2017-18,2569920,Indiana Pacers,Center,11th overall,2015
udohek01,Ekpe Udoh,2017-18,3200000,Utah Jazz,Power Forward and Center,6th overall,2010
udrihbe01,Beno Udrih,2017-18,25000,Detroit Pistons,Shooting Guard and Point Guard,28th overall,2004
ulisty01,Tyler Ulis,2017-18,1312611,Phoenix Suns,Point Guard,34th overall,2016
uthofja01,Jarrod Uthoff,2017-18,7416,Indiana Pacers,Power Forward,,
valanjo01,Jonas Valanciunas,2017-18,15460675,Toronto Raptors,Center,5th overall,2011
valende01,Denzel Valentine,2017-18,2186400,Chicago Bulls,Shooting Guard,14th overall,2016
vanvlfr01,Fred VanVleet,2017-18,1312611,Toronto Raptors,Point Guard,,
varejan01,Anderson Varejao,2017-18,1913345,Portland Trail Blazers,Power Forward and Center,30th overall,2004
vaughra01,Rashad Vaughn,2017-18,1889040,New Orleans Pelicans,Shooting Guard,17th overall,2015
vaughra01,Rashad Vaughn,2017-18,166258,Orlando Magic,Shooting Guard,17th overall,2015
vonleno01,Noah Vonleh,2017-18,3505233,Chicago Bulls,Power Forward,9th overall,2014
vucevni01,Nikola Vucevic,2017-18,12250000,Orlando Magic,Center,16th overall,2011
wadedw01,Dwyane Wade,2017-18,15550000,Chicago Bulls,Point Guard and Shooting Guard,5th overall,2003
wadedw01,Dwyane Wade,2017-18,1471382,Miami Heat,Point Guard and Shooting Guard,5th overall,2003
waitedi01,Dion Waiters,2017-18,11000000,Miami Heat,Shooting Guard,4th overall,2012
walkeke02,Kemba Walker,2017-18,12000000,Charlotte Hornets,Point Guard,9th overall,2011
walljo01,John Wall,2017-18,18063850,Washington Wizards,Point Guard,1st overall,2010
princta02,Taurean Prince,2017-18,2422560,Atlanta Hawks,Small Forward,12th overall,2016
warneja01,Jameel Warney,2017-18,46080,Dallas Mavericks,Power Forward,,
warretj01,T.J. Warren,2017-18,3152931,Phoenix Suns,Small Forward,14th overall,2014
watsocj01,C.J. Watson,2017-18,333334,Orlando Magic,Point Guard,,
weartr01,Travis Wear,2017-18,296636,Los Angeles Lakers,Small Forward,,
webstma02,Martell Webster,2017-18,833333,Washington Wizards,Small Forward,6th overall,2005
westda01,David West,2017-18,1471382,Golden State Warriors,Small Forward and Center and Power Forward,18th overall,2003
westbru01,Russell Westbrook,2017-18,28530608,Oklahoma City Thunder,Point Guard,4th overall,2008
whitede01,Derrick White,2017-18,1404600,San Antonio Spurs,Point Guard,29th overall,2017
whiteok01,Okaro White,2017-18,1312611,Atlanta Hawks,Power Forward,,
whiteok01,Okaro White,2017-18,111238,Cleveland Cavaliers,Power Forward,,
whiteis01,Isaiah Whitehead,2017-18,1312611,Brooklyn Nets,Point Guard,42nd overall,2016
whiteha01,Hassan Whiteside,2017-18,23775506,Miami Heat,Center,33rd overall,2010
wiggian01,Andrew Wiggins,2017-18,7574322,Minnesota Timberwolves,Small Forward,1st overall,2014
wilkida02,Damien Wilkins,2017-18,1016617,Indiana Pacers,Shooting Guard and Small Forward,,
willial03,Alan Williams,2017-18,6000000,Phoenix Suns,Power Forward and Center,,
willide01,Deron Williams,2017-18,5474787,Brooklyn Nets,Point Guard,3rd overall,2005
willide02,Derrick Williams,2017-18,83129,Los Angeles Lakers,Power Forward and Small Forward,2nd overall,2011
willilo02,Lou Williams,2017-18,7000000,Los Angeles Clippers,Shooting Guard and Point Guard,45th overall,2005
willima02,Marvin Williams,2017-18,13168750,Charlotte Hornets,Power Forward and Small Forward,2nd overall,2005
willitr02,Troy Williams,2017-18,1471382,Houston Rockets,Small Forward,,
willitr02,Troy Williams,2017-18,370794,New York Knicks,Small Forward,,
wilsodj01,D.J. Wilson,2017-18,2135040,Milwaukee Bucks,Power Forward,17th overall,2017
winslju01,Justise Winslow,2017-18,2705040,Miami Heat,Power Forward and Small Forward,10th overall,2015
witheje01,Jeff Withey,2017-18,1577320,Dallas Mavericks,Center,39th overall,2013
wrighbr03,Brandan Wright,2017-18,5179760,Memphis Grizzlies,Center and Power Forward,8th overall,2007
wrighbr03,Brandan Wright,2017-18,490461,Houston Rockets,Center and Power Forward,8th overall,2007
wrighde01,Delon Wright,2017-18,1645200,Toronto Raptors,Point Guard,20th overall,2015
yabusgu01,Guerschon Yabusele,2017-18,2247480,Boston Celtics,Power Forward,16th overall,2016
youngjo01,Joe Young,2017-18,1471382,Indiana Pacers,Point Guard,43rd overall,2015
youngni01,Nick Young,2017-18,5192000,Golden State Warriors,Shooting Guard,16th overall,2007
youngth01,Thaddeus Young,2017-18,14796348,Indiana Pacers,Power Forward,12th overall,2007
zelleco01,Cody Zeller,2017-18,12584270,Charlotte Hornets,Center,4th overall,2013
zellety01,Tyler Zeller,2017-18,1709538,Milwaukee Bucks,Center,17th overall,2012
zipsepa01,Paul Zipser,2017-18,1312611,Chicago Bulls,Small Forward,48th overall,2016
zizican01,Ante Zizic,2017-18,1645200,Cleveland Cavaliers,Center,23rd overall,2016
zubaciv01,Ivica Zubac,2017-18,1312611,Los Angeles Lakers,Center,32nd overall,2016
